,age_group,height,weight,waist_measure,eyesight_left,eyesight_right,FBG,cholesterol,TG,HDLCh,LDLCh,HG,PU,CN,AST,ALT,G_GTP,ear_level_l_1.0,ear_level_l_2.0,ear_level_l_3.0,ear_level_r_1.0,ear_level_r_2.0,ear_level_r_3.0,gender_1,gender_2,smoking_1.0,smoking_2.0,smoking_3.0,is_alcohol_0.0,is_alcohol_1.0
Columns Importance,1.599350758464697,-0.22252082853256697,0.2644231663496382,0.11251777073951574,-0.43632211752816347,-0.2917634810287955,0.032800249751054916,0.041543331022115985,0.003925985002713898,0.01212594462277711,-0.04134210262494965,0.677395746916756,0.8947350815352562,-0.05874784698667511,0.0006118637933541948,-0.007629919383671341,0.017704936208857335,-0.359028147773452,-0.44823967486331745,0.8072678226367705,0.07279590089462878,-0.0605285966865051,-0.012267304208124405,0.4695864025785713,-0.4695864025785713,0.5640348388034805,-0.10776816367307958,-0.4562666751303998,-0.1930608252009003,0.19306082520089995
